{
    "encoder_nli": {
        "accuracy": 0.85,
        "f1": 0.8636363636363636,
        "precision": 0.7916666666666666,
        "recall": 0.95,
        "auroc": 0.921125
    }
}