{
    "layer_8": {
        "accuracy": 0.9025,
        "f1": 0.9022556390977443,
        "precision": 0.9045226130653267,
        "recall": 0.9,
        "auroc": 0.971
    },
    "layer_9": {
        "accuracy": 0.925,
        "f1": 0.9257425742574258,
        "precision": 0.9166666666666666,
        "recall": 0.935,
        "auroc": 0.978225
    },
    "layer_10": {
        "accuracy": 0.92,
        "f1": 0.9207920792079208,
        "precision": 0.9117647058823529,
        "recall": 0.93,
        "auroc": 0.9787250000000001
    },
    "layer_11": {
        "accuracy": 0.925,
        "f1": 0.9264705882352942,
        "precision": 0.9086538461538461,
        "recall": 0.945,
        "auroc": 0.978375
    },
    "layer_12": {
        "accuracy": 0.925,
        "f1": 0.9257425742574258,
        "precision": 0.9166666666666666,
        "recall": 0.935,
        "auroc": 0.9786
    },
    "layer_13": {
        "accuracy": 0.9225,
        "f1": 0.9230769230769231,
        "precision": 0.916256157635468,
        "recall": 0.93,
        "auroc": 0.9770749999999999
    },
    "layer_14": {
        "accuracy": 0.92,
        "f1": 0.9207920792079208,
        "precision": 0.9117647058823529,
        "recall": 0.93,
        "auroc": 0.976575
    },
    "layer_15": {
        "accuracy": 0.9175,
        "f1": 0.9177057356608479,
        "precision": 0.9154228855721394,
        "recall": 0.92,
        "auroc": 0.974725
    },
    "layer_16": {
        "accuracy": 0.92,
        "f1": 0.9211822660098522,
        "precision": 0.9077669902912622,
        "recall": 0.935,
        "auroc": 0.974825
    }
}