{
    "logit_baseline": {
        "accuracy": 0.5025,
        "f1": 0.667779632721202,
        "precision": 0.5012531328320802,
        "recall": 1.0,
        "auroc": 0.5156125
    },
    "optimal_threshold": 0.45000000000000007
}